[{"lat":"-46.4281784","lng":"168.3617896","id":11402698,"name":"Baillie & Lewis Pharmacy","phone":"03-218 6607","address":"3 Martin Street","address2":"Strathern","country":"New Zealand","city":"Invercargill","postal":"9812","priority":1,"apply_to_type":1},{"lat":"-36.7142703","lng":"174.7462549","id":11402699,"name":"Bays Health Chemist Ltd ","phone":"09 972 2091","address":"13 - 15 Bute Road","address2":"Browns Bay","country":"New Zealand","city":"Auckland","priority":1,"apply_to_type":1},{"lat":"-36.8078702","lng":"174.7897393","id":11402700,"name":"Belmont Pharmacy","phone":"09-445 8247","address":"143 Lake Rd","address2":"Devonport","country":"New Zealand","city":"Auckland","postal":"622","priority":1,"apply_to_type":1},{"lat":"-37.6961859","lng":"176.1099522","id":11402701,"name":"Bethlehem Health & Tea","phone":"07 576 9442","address":"229c State highway 2","address2":"Bethlehem","country":"New Zealand","city":"Tauranga","priority":1,"apply_to_type":1},{"lat":"-36.7394237","lng":"174.7262929","id":11402702,"name":"Biosphere Nutrition","phone":"09-8891250","address":"72a Apollo Drive","address2":"Rosedale","country":"New Zealand","city":"Auckland","postal":"632","priority":1,"apply_to_type":1},{"lat":"-41.274052","lng":"173.2819413","id":11402703,"name":"Bodywise Natural Health & Beauty","phone":"03-5468611","address":"117G Hardy Street","country":"New Zealand","city":"Nelson","priority":1,"apply_to_type":1},{"lat":"-41.1201978","lng":"173.0104244","id":11402704,"name":"Christine-Jane Wakefield - Naturopath","phone":"021 716 350","address":"354 High Street","address2":"Motueka","country":"New Zealand","postal":"7120","priority":1,"apply_to_type":1},{"lat":"-46.3970116","lng":"168.3653638","id":11402706,"name":"ComplEat Wellness","phone":"03-217 9010","address":"24 Windsor St","address2":"Windsor","country":"New Zealand","city":"Invercargill","postal":"9100","priority":1,"apply_to_type":1},{"lat":"-38.6550395","lng":"178.0255129","id":11402707,"name":"Down to Earth Ltd ","phone":"06 867 0901","address":"131 Ormond Road","country":"New Zealand","city":"Gisborne","priority":1,"apply_to_type":1},{"lat":"-36.7604956","lng":"174.7466337","id":11402708,"name":"Forrest Hill Family Pharmacy ","phone":"09-449 0635","address":"7\/1 Grenada Avenue","address2":"Forrest Hill","country":"New Zealand","city":"Auckland ","postal":"620","priority":1,"apply_to_type":1},{"lat":"-36.7365385","lng":"174.7251961","id":11402709,"name":"FTB Healthcare Ltd","phone":"09-948 4850","address":"Unit 17\/94 Rosedale Road","address2":"Rosedale","country":"New Zealand","city":"Auckland","postal":"632","priority":1,"apply_to_type":1},{"lat":"-37.71455","lng":"176.141579","id":11402710,"name":"Gate Pa Complete Health","phone":"07 579 6262","address":"Shop 13, 1000 Cameron Road","country":"New Zealand","city":"Tauranga","priority":1,"apply_to_type":1},{"lat":"-37.7037689","lng":"176.15388","id":11402711,"name":"Godfrey Medical","phone":"07 543 0832","address":"1416A Cameron","address2":"Greerton","country":"New Zealand","city":"Tauranga","priority":1,"apply_to_type":1},{"lat":"-43.5356128","lng":"172.6413309","id":11402712,"name":"Greenworld Health and Lifestyle","phone":"03-528 7262","address":"177 High Street","address2":"Motueka","country":"New Zealand","postal":"7120","priority":1,"apply_to_type":1},{"lat":"-36.7818523","lng":"174.7220778","id":11402713,"name":"Hardy's Glenfield","phone":"09 443 1896","address":"Westfield Glenfield","address2":"Glenfield","country":"New Zealand","city":"Auckland","postal":"629","priority":1,"apply_to_type":1},{"lat":"-35.2279928","lng":"173.9485908","id":11402714,"name":"Hardy's KeriKeri","phone":"09 401 7126","address":"69 Kerikeri Road","country":"New Zealand","city":"Kerikeri","priority":1,"apply_to_type":1},{"lat":"-36.8178005","lng":"174.6110421","id":11402715,"name":"Hardy's Northwest","phone":"09 416 9605","address":"Northwest Shopping Centre","address2":"Massey","country":"New Zealand","city":"Auckland","priority":1,"apply_to_type":1},{"lat":"-38.6871727","lng":"176.07138","id":11402716,"name":"Hardy's Taupo","phone":"07 378 9057","address":"37 Horomatangi Street","country":"New Zealand","city":"Taupo","priority":1,"apply_to_type":1},{"lat":"-36.6362819","lng":"174.7480084","id":11402717,"name":"Hardy's Whangaparaoa","phone":"09 424 3882","address":"Shop 310A, Coast Plaza","address2":"719 Whangaparaoa Road","country":"New Zealand","city":"Auckland","postal":"930","priority":1,"apply_to_type":1},{"lat":"-35.7254376","lng":"174.3203074","id":11402718,"name":"Hardy's Whangarei","phone":"09 438 3188","address":"41 Camerson Street","country":"New Zealand","city":"Whangarei","postal":"110","priority":1,"apply_to_type":1},{"lat":"-43.9052456","lng":"171.7480215","id":11402719,"name":"Health 2000 - Ashburton","phone":"03 308 1815","address":"The Arcade, Ashburton","country":"New Zealand","city":"Ashburton","priority":1,"apply_to_type":1},{"lat":"-43.5562645","lng":"172.6204867","id":11402720,"name":"Health 2000 - Barrington","phone":"03 332 0450","address":"256 Barrington Street","country":"New Zealand","city":"Christchurch","priority":1,"apply_to_type":1},{"lat":"-41.514206","lng":"173.9557","id":11402721,"name":"Health 2000 - Blenheim","phone":"03-579 3586","address":"73 Queen Street","country":"New Zealand","city":"Blenheim","priority":1,"apply_to_type":1},{"lat":"-43.5248045","lng":"172.6314961","id":11402722,"name":"Health 2000 - Cambridge","phone":"21655704","address":"70A Victoria Street","address2":"Cambridge","country":"New Zealand","priority":1,"apply_to_type":1},{"lat":"-36.8608069","lng":"174.8296347","id":11402723,"name":"Health 2000 - Eastridge ","phone":"09 521 2404","address":"Shop 18, Eastridge Shopping Centre","address2":"215 Kepa Road","country":"New Zealand","city":"Auckland","priority":1,"apply_to_type":1},{"lat":"-46.1002451","lng":"168.9454138","id":11402724,"name":"Health 2000 - Gore","phone":"(03) 208 4561","address":"57 Main Street","address2":"Gore","country":"New Zealand","city":"Gore","priority":1,"apply_to_type":1},{"lat":"-36.8109598","lng":"174.7247724","id":11402725,"name":"Health 2000 - Highbury","phone":"(09) 418 3653","address":"Shop 13, Highbury Shopping Centre","address2":"Mokoia Drive","country":"New Zealand","city":"Auckland","priority":1,"apply_to_type":1},{"lat":"-37.8106458","lng":"175.7723788","id":11402726,"name":"Health 2000 - Matamata","phone":"07 888 9199","address":"39  Arawa Street","country":"New Zealand","city":"Matamata","priority":1,"apply_to_type":1},{"lat":"-37.6190862","lng":"175.023346","id":11402727,"name":"Health 2000 - Morrinsville","phone":"07 889 1608","address":"242 Thames Street","address2":"Morrinsville","country":"New Zealand","city":"Waikato","priority":1,"apply_to_type":1},{"lat":"-40.900557","lng":"174.885971","id":11402728,"name":"Health 2000 - Motueka","phone":"03 5287782","address":"161 High Street ","address2":"Motueka","country":"New Zealand","priority":1,"apply_to_type":1},{"lat":"-37.6391123","lng":"176.1836903","id":11402729,"name":"Health 2000 - Mt Maunganui","phone":"(07) 575 7002","address":"194 Maunganui Road","country":"New Zealand","city":"Mt Maunganui","priority":1,"apply_to_type":1},{"lat":"-41.2733906","lng":"173.284179","id":11402730,"name":"Health 2000 - Nelson","phone":"03 5487294","address":"219 Trafalgar Street","country":"New Zealand","city":"Nelson","priority":1,"apply_to_type":1},{"lat":"-39.0611108","lng":"174.0704834","id":11402731,"name":"Health 2000 - New Plymouth ","phone":"06 757 8594","address":"63 Vivian Street","country":"New Zealand","city":"New Plymouth","priority":1,"apply_to_type":1},{"lat":"-43.4940483","lng":"172.6085696","id":11402732,"name":"Health 2000 - Northlands","phone":"(03) 352 0110","address":"Shop 56A Northlands Shopping Centre","address2":"55 Main Rd Papanui","country":"New Zealand","city":"Christchurch","priority":1,"apply_to_type":1},{"lat":"-45.0968999","lng":"170.9717223","id":11402733,"name":"Health 2000 - Oamaru","phone":"03-434 9663","address":"187 Thames Street","country":"New Zealand","city":"Oamaru","priority":1,"apply_to_type":1},{"lat":"-41.212695","lng":"174.8996648","id":11402734,"name":"Health 2000 - Queensgate ","phone":"04 586 0501","address":"Shop 238, level 1, Westfield","country":"New Zealand","city":"Lower Hutt","priority":1,"apply_to_type":1},{"lat":"-40.900557","lng":"174.885971","id":11402735,"name":"Health 2000 - Rangiora","phone":"03 313 9133","address":"119 High Street","address2":"Rangiora","country":"New Zealand","priority":1,"apply_to_type":1},{"lat":"-43.5320214","lng":"172.6305589","id":11402736,"name":"Health 2000 - Riccarton","phone":"03 341 2005","address":"Shop 255, Westfield Shopping Centre","address2":"129 Riccarton Rd","country":"New Zealand","city":"Christchurch","priority":1,"apply_to_type":1},{"lat":"-41.3394719","lng":"173.1860839","id":11402737,"name":"Health 2000 - Richmond","phone":"03 544 7648","address":"Richmond Mall","address2":"Queenstreet","country":"New Zealand","city":"Nelson","priority":1,"apply_to_type":1},{"lat":"-45.8714607","lng":"170.5077498","id":11402738,"name":"Health 2000 - Sunray","phone":"03 474 1462","address":"Shop 17 Centre City Mall","address2":"133 Great King st","country":"New Zealand","city":"Dunedin","priority":1,"apply_to_type":1},{"lat":"-37.1385333","lng":"175.5418697","id":11402739,"name":"Health 2000 - Thames","phone":"07 868 6812","address":"531 Pollen Street","address2":"Thames","country":"New Zealand","priority":1,"apply_to_type":1},{"lat":"-44.3939047","lng":"171.2513328","id":11402740,"name":"Health 2000 - Timaru","phone":"03 688 0276","address":"289 Stafford Street","country":"New Zealand","city":"Timaru","priority":1,"apply_to_type":1},{"lat":"-41.1249326","lng":"175.0656426","id":11402741,"name":"Health 2000 - Upper Hutt","phone":"04 528 3363","address":"Shop 802A, The Mail","address2":"185 Main Street","country":"New Zealand","city":"Upper Hutt","priority":1,"apply_to_type":1},{"lat":"-44.6959086","lng":"169.1360046","id":11402742,"name":"Health 2000 - Wanaka","phone":"(03) 443 8360","address":"24 Helwick Street","country":"New Zealand","city":"Wanaka","priority":1,"apply_to_type":1},{"lat":"-41.2884755","lng":"174.7752683","id":11402743,"name":"Health 2000 - Wellington Willis Street","phone":"(04) 471 1001","address":"79 Willis Street","address2":"Central Wellington","country":"New Zealand","city":"Wellington","priority":1,"apply_to_type":1},{"lat":"-36.8356542","lng":"175.7048888","id":11402744,"name":"Health 2000 - Whitianga","phone":"07 866 5899","address":"4 Coghill Street","country":"New Zealand","city":"Whitianga","priority":1,"apply_to_type":1},{"lat":"-36.6177738","lng":"174.67645","id":11402745,"name":"Health by Logic","phone":"09-421 1273","address":"20 Silverdale Street","address2":"Stanmore Bay","country":"New Zealand","city":"Silverdale","postal":"932","priority":1,"apply_to_type":1},{"lat":"-41.3266598","lng":"174.8025442","id":11402746,"name":"Health for Life Coastlands","phone":"04 296 1227","address":"Shop 27 Coastland Shopping Town","address2":"State Highway 1","country":"New Zealand","city":"Wellington","priority":1,"apply_to_type":1},{"lat":"-40.2266911","lng":"175.5667714","id":11402747,"name":"Health for Life Feilding","phone":"06-323 8301","address":"102 Fergusson Street","country":"New Zealand","city":"Feilding","postal":"4702","priority":1,"apply_to_type":1},{"lat":"-40.3564268","lng":"175.6096266","id":11402748,"name":"Health for Life The Square","phone":"06 356 7860","address":"16 The Square","country":"New Zealand","city":"Palmerston North","priority":1,"apply_to_type":1},{"lat":"-36.8457023","lng":"174.7353504","id":11402749,"name":"Herne Bay Pharmacy","phone":"09-376 3339","address":"210 Jervois Rd","address2":"Ponsonby","country":"New Zealand","city":"Auckland","postal":"1011","priority":1,"apply_to_type":1},{"lat":"-36.8955702","lng":"174.6623995","id":11402750,"name":"Hibiscus Health","phone":"09 426 4455","address":"3 Tamriki Avenue","address2":"Orewa","country":"New Zealand","city":"Auckland","priority":1,"apply_to_type":1},{"lat":"-36.8768814","lng":"174.8188474","id":11402751,"name":"Holistic Health","phone":"(09) 376 3339","address":"29 Kelvin Street","address2":"Herne Bay","country":"New Zealand","city":"Auckland","priority":1,"apply_to_type":1},{"lat":"-43.5066018","lng":"172.6640222","id":11402752,"name":"Homestead Health","phone":"03 385 0364","address":"The Palms Shopping Centre - Shop 81 ","address2":"Cnr New Brighton Rd & Marshlands Rd","country":"New Zealand","city":"Christchurch","postal":"8061","priority":1,"apply_to_type":1},{"lat":"-36.9073788","lng":"174.6913626","id":11402753,"name":"Huckleberry New Lynn","phone":"09 826 5454","address":"34D Portage Rd","address2":"New Lynn","country":"New Zealand","city":"Auckland","priority":1,"apply_to_type":1},{"lat":"-36.9113571","lng":"174.7769626","id":11402754,"name":"Huckleberry Royal Oak ","phone":"09 625 0077","address":"6 Campbell Rd","address2":"Royal Oak","country":"New Zealand","city":"Auckland","priority":1,"apply_to_type":1},{"lat":"-36.790557","lng":"174.7646815","id":11402755,"name":"I.E. Produce","phone":"09-488 0211","address":"1 Barrys Point Rd","address2":"Takapuna","country":"New Zealand","city":"Auckland","postal":"622","priority":1,"apply_to_type":1},{"lat":"-37.1902944","lng":"174.9033244","id":11402756,"name":"ibuy Pharmacy","phone":"09 238 1573","address":"11 Paerata Road","address2":"Pukekohe","country":"New Zealand","city":"Auckland","postal":"2120","priority":1,"apply_to_type":1},{"lat":"-37.5546509","lng":"175.9174083","id":11402757,"name":"Katikati Health by Nature","phone":"07 549 0359","address":"1C Jocelyn Street","address2":"Katikati","country":"New Zealand","priority":1,"apply_to_type":1},{"lat":"-36.8363525","lng":"174.4315265","id":11402758,"name":"Knots and Tangles","phone":"09 411 9533","address":"14 Berridge Road","address2":"Muriwai","country":"New Zealand","city":"Auckland","postal":"881","priority":1,"apply_to_type":1},{"lat":"-36.7759751","lng":"174.5559718","id":11402759,"name":"Kumeu Village Medical Centre","phone":"09-412 8389","address":"88 Main Rd","address2":" Kumeu","country":"New Zealand","city":"Auckland","postal":"810","priority":1,"apply_to_type":1},{"lat":"-36.8465671","lng":"174.7755725","id":11402760,"name":"Laser Lifecare Institute","phone":"09 377 2012","address":"32 Mahuhu Crescent","address2":"Parnell","country":"New Zealand","city":"Auckland","priority":1,"apply_to_type":1},{"lat":"-36.8080083","lng":"174.5973707","id":11402761,"name":"Life Force Osteopathy","phone":"022 077 0072","address":"Fred Taylor Drive","address2":"Whenuapai","country":"New Zealand","city":"Auckland","postal":"814","priority":1,"apply_to_type":1},{"lat":"-37.7479478","lng":"175.2772542","id":11402762,"name":"Life Pharmacy Chartwell","phone":"07-855 6024","address":"Hukanui Rd","address2":"Chartwell","country":"New Zealand","city":"Hamilton","postal":"3210","priority":1,"apply_to_type":1},{"lat":"-43.5079645","lng":"172.7269099","id":11402763,"name":"Marshall's Health & Natural Therapy","phone":"03-388 5757","address":"101 Seaview Road","address2":"New Brighton","country":"New Zealand","city":"Christchurch","postal":"861","priority":1,"apply_to_type":1},{"lat":"-36.7344175","lng":"174.7337715","id":11402764,"name":"Max Health Store","phone":"09 475 5779","address":"6A Rosedale Road","address2":"Windsor Park","country":"New Zealand","city":"Auckland","priority":1,"apply_to_type":1},{"lat":"-37.7812344","lng":"175.2881983","id":11402765,"name":"Medcom","phone":"07-856 8568","address":"32 O'Neill St","address2":"Claudelands","country":"New Zealand","city":"Hamilton","postal":"3214","priority":1,"apply_to_type":1},{"lat":"-36.8818589","lng":"174.7618759","id":11402766,"name":"Mt Eden Pharmacy ","phone":"09-630 0430","address":"431 Mount Eden Road","address2":"Mt Eden","country":"New Zealand","city":"Auckland","postal":"1024","priority":1,"apply_to_type":1},{"lat":"-37.7843801","lng":"176.3275975","id":11402767,"name":"MyPharmacy Te Puke","phone":"07 573 9868","address":"96 Jellicoe Street","country":"New Zealand","city":"Te Puke","priority":1,"apply_to_type":1},{"lat":"-39.4946583","lng":"176.9143966","id":11402768,"name":"Napier Balmoral Pharmacy","phone":"06 835 4540","address":"25 Munroe Street","country":"New Zealand","city":"Napier","priority":1,"apply_to_type":1},{"lat":"-37.7840626","lng":"175.27719","id":11402769,"name":"Naturally Healthy","phone":"07 958 3845","address":"106 London Street","address2":"Hamilton","country":"New Zealand","city":"Hamilton","postal":"3204","priority":1,"apply_to_type":1},{"lat":"-37.9493711","lng":"177.0029367","id":11402770,"name":"Nature Zone Health Shop","phone":"07-308 0399","address":"Shop 2 2\/83 The Strand","country":"New Zealand","city":"Whakatane","postal":"3120","priority":1,"apply_to_type":1},{"lat":"-36.776741","lng":"174.55606","id":11402771,"name":"Northwest Physio Plus ","phone":"09-412 2945","address":"4b Shamrock Drive","address2":"Kumeu","country":"New Zealand","city":"Auckland","postal":"810","priority":1,"apply_to_type":1},{"lat":"-40.3472992","lng":"175.6267554","id":11402772,"name":"Organic Buzz","phone":"06 353 0549","address":"Shop 1 Broadtop Shopping Centre","address2":"337 Broadway Av","country":"New Zealand","city":"Palmersto North","priority":1,"apply_to_type":1},{"lat":"-41.2732227","lng":"173.2871706","id":11402773,"name":"Organic Foods Nelson ","phone":"03-553 0528","address":"93 Collingwood Street","country":"New Zealand","city":"Nelson","postal":"7010","priority":1,"apply_to_type":1},{"lat":"-35.7250184","lng":"174.3236722","id":11402774,"name":"Puti Puti Ra Organic Traders","phone":"09-430 0606","address":"79 Walton Street","country":"New Zealand","city":"Whangarei","postal":"110","priority":1,"apply_to_type":1},{"lat":"-45.0158524","lng":"168.7474012","id":11402775,"name":"Queenstown Natural Health","phone":"03-441 4225","address":"32 Grant Road","address2":"Frankton","country":"New Zealand","city":"Queenstown","postal":"9371","priority":1,"apply_to_type":1},{"lat":"-36.892449","lng":"174.8259278","id":11402776,"name":"Shahji's Spices Ltd","phone":"09-579 0728","address":"137 Marua Road","address2":"Mount Wellington","country":"New Zealand","city":"Auckland","postal":"1051","priority":1,"apply_to_type":1},{"lat":"-43.5459674","lng":"172.5242725","id":11402777,"name":"Stay Well Pharmacy","phone":"03 349 8785","address":"27 Shands Road","country":"New Zealand","city":"Christchurch","priority":1,"apply_to_type":1},{"lat":"-37.1022105","lng":"174.9513301","id":11402778,"name":"The Capsule Pharmacy","phone":"09 294 8892","address":"231 - 233 Great South Road","address2":"Drury","country":"New Zealand","city":"Auckland","priority":1,"apply_to_type":1},{"lat":"-36.7762251","lng":"174.5571162","id":11402779,"name":"The Green Grocer Organics","phone":"09-412 5672","address":"80c Main Road","address2":"Kumeu","country":"New Zealand","city":"Auckland","postal":"810","priority":1,"apply_to_type":1},{"lat":"-40.622402","lng":"175.2864174","id":11402780,"name":"The Health Hub","phone":"06 368 6638","address":"222 Oxford Street","country":"New Zealand","city":"Levin","priority":1,"apply_to_type":1},{"lat":"-39.0564049","lng":"174.0738088","id":11402781,"name":"The Health Shop - New Plymouth ","phone":"06-758 7553","address":"11 Gill Street","country":"New Zealand","city":"New Plymouth ","postal":"4310","priority":1,"apply_to_type":1},{"lat":"-38.1390473","lng":"176.2509496","id":11402782,"name":"The Health Shop - Rotorua","phone":"07-348 4883","address":"1184 Eruera Street","country":"New Zealand","city":"Rotorua","postal":"3010","priority":1,"apply_to_type":1},{"lat":"-36.8940181","lng":"174.9303987","id":11402783,"name":"The Natural Health Company","phone":"09 5340445","address":"10 Wellington Street","address2":"Howick","country":"New Zealand","city":"Auckland","priority":1,"apply_to_type":1},{"lat":"-36.8298272","lng":"174.7976517","id":11402784,"name":"The Natural Health Company","phone":"09 445 2851","address":"81A Victoria Road","address2":"Devonport","country":"New Zealand","city":"Auckland","priority":1,"apply_to_type":1},{"lat":"-37.7866032","lng":"175.2801704","id":11402785,"name":"Tonic Health - Centre Place","phone":"07-839 2522","address":"60 Ward Street","address2":"Hamilton Central","country":"New Zealand","city":"Hamilton","postal":"3204","priority":1,"apply_to_type":1},{"lat":"-37.7515535","lng":"175.2807333","id":11402786,"name":"Tonic Health - Chartwell ","phone":"07-854 8342","address":"Comries Rd &, Hukanui Road","address2":"Chartwell","country":"New Zealand","city":"Hamilton","postal":"3210","priority":1,"apply_to_type":1},{"lat":"-37.7470048","lng":"175.2324169","id":11402787,"name":"Tonic Health - The Base ","phone":"07-847 0340","address":"The Base Parade","address2":"Te Rapa Road","country":"New Zealand","city":"Hamilton ","postal":"3200","priority":1,"apply_to_type":1},{"lat":"-36.86334","lng":"174.8096341","id":11402789,"name":"Urban Herbalist","phone":"09 309 9120","address":"Unit 5B \/ 228 Orakei Rd","address2":"Remuera","country":"New Zealand","city":"Auckland","priority":1,"apply_to_type":1},{"lat":"-37.1997665","lng":"174.9034981","id":11402790,"name":"Way of Life Health Shop ","phone":"09 238 7806","address":"66-68 Edinburgh Street","address2":"Pukekohe","country":"New Zealand","city":"Auckland","priority":1,"apply_to_type":1},{"lat":"-36.8849339","lng":"174.7754409","id":11402791,"name":"Waymouth's Pharmacy ","phone":"09-630 3899","address":"237 Manukau Road","address2":"Epsom","country":"New Zealand","city":"Auckland","postal":"1023","priority":1,"apply_to_type":1},{"lat":"-39.931808","lng":"175.0505198","id":11402792,"name":"Wild Oats ","phone":"06-345 5899","address":"136 Victoria Avenue","country":"New Zealand","city":"Whanganui","postal":"4500","priority":1,"apply_to_type":1},{"lat":"-39.6434963","lng":"176.8447765","id":12561016,"name":"Cornucopia Natural Foods","phone":"06 876 6248","address":"221 Heretaunga Street East","country":"New Zealand","city":"Hastings","priority":1,"apply_to_type":1},{"lat":"-36.8298147","lng":"174.7960947","id":12561017,"name":"Devonport 7 Day Pharmacy","phone":"09 445 4000","address":"31A Bartley Terrace","country":"New Zealand","city":"Auckland","postal":"0624","priority":1,"apply_to_type":1},{"lat":"-35.9846186","lng":"174.4457761","id":12561018,"name":"Harker Herbal","phone":"09 432 0965","address":"31 The Centre","city":"Waipu","priority":1,"apply_to_type":1},{"lat":"-39.67087900000001","lng":"176.8779779","id":12561019,"name":"Health 2000 - Havelock North","phone":"06 877 9765","address":"Shop 4, 11 Joll Road","city":"Hastings","priority":1,"apply_to_type":1},{"lat":"-43.5426447","lng":"172.5237601","id":12561020,"name":"Health 2000 - Hornby","phone":"(03) 344 1934","address":"Shop 84c, The Hub, 418 Main South Road","city":"Christchurch","priority":1,"apply_to_type":1},{"lat":"-38.0091495","lng":"175.3233822","id":12561022,"name":"Health 2000 - Te Awamutu","phone":"07 871 3777","address":"226 Alexandra Street","city":"Te Awamutu","priority":1,"apply_to_type":1},{"lat":"-37.9516076","lng":"176.9943822","id":12561023,"name":"Health 2000 - Whakatane","phone":"07-3077491","address":"208A The Strand","city":"Whakatane","priority":1,"apply_to_type":1},{"lat":"-36.8587004","lng":"174.7303989","id":12561024,"name":"Huckleberry Harvest","phone":"09 376 3107","address":"405 Richmond Rd","address2":"Grey Lynn","city":"Auckland","priority":1,"apply_to_type":1},{"lat":"-39.0772973","lng":"174.1033693","id":12561025,"name":"Natura Medica Ltd","phone":"06 769 9092","address":"44 Karina Road","city":"New Plymouth","priority":1,"apply_to_type":1},{"lat":"-45.8673436","lng":"170.4896002","id":12561026,"name":"Roslyn Pharmacy","phone":"03 477 9793","address":"287A Highgate","city":"Dunedin","priority":1,"apply_to_type":1},{"lat":"-39.3389429","lng":"174.284359","id":12561027,"name":"Stratford Pharmacy","phone":"06 765 6566","address":"235 Broadway","city":"Stratford","priority":1,"apply_to_type":1},{"lat":"-35.1201022","lng":"173.2601137","id":12561028,"name":"Te Hiku Pharmacy","phone":"09 408 4921","address":"49 Redan Road","city":"Kaitaia","priority":1,"apply_to_type":1},{"lat":"-37.4117905","lng":"175.942577","id":12561029,"name":"Waihi Beach Natural","phone":"07 863 4350","address":"31b Wilson Road","city":"Waihi Beach","priority":1,"apply_to_type":1}]